Name,Set code,Set name,Collector number,Foil,Rarity,Quantity,ManaBox ID,Scryfall ID,Language,Added date,,,,,
Inherited Envelope,LTR,The Lord of the Rings: Tales of Middle-earth,242,normal,common,1,83418,b590d028-ea6a-4550-b5e2-ba328a81bbc0,en,26.10.2025,,,,,
Sonic Screwdriver,WHO,Doctor Who,186,normal,uncommon,1,87172,2a55d514-b670-4fe2-825b-9ba955977cac,en,26.10.2025,,,,,
Synth Infiltrator,PIP,Fallout,40,normal,rare,1,92091,3fe16bc4-8457-4c5f-902a-0746112e80a4,en,26.10.2025,,,,,
Training Center,CMM,Commander Masters,434,normal,rare,1,84512,78a39d22-5e3b-4ba0-b728-dbf16b61fc8f,en,26.10.2025,,,,,
Prologue to Phyresis,ONE,Phyrexia: All Will Be One,65,normal,common,1,78771,ac625f30-ed91-4b21-ada8-aaa5b2ad79b8,en,26.10.2025,,,,,
"Saheeli, Filigree Master",BRO,The Brothers' War,219,normal,mythic,1,75681,a3657562-323c-40d0-a261-d029ed549695,en,26.10.2025,,,,,
Spectator Seating,CMM,Commander Masters,427,normal,rare,1,84958,dcf3140f-d5c8-45ff-8be4-622b1a129b3d,en,26.10.2025,,,,,
Narset Transcendent,DTK,Dragons of Tarkir,225,normal,mythic,1,11589,4816d092-e34b-4397-8599-43d8e85a8f39,en,26.10.2025,,,,,
"Tezzeret, Artifice Master",M19,Core Set 2019,79,normal,mythic,1,1233,e5e12371-f05c-41cf-92ca-7cb17c2f7f1a,en,26.10.2025,,,,,
Spellskite,CLB,Commander Legends: Battle for Baldur's Gate,873,normal,rare,2,69561,72204934-f5aa-4559-8f7e-7b0b223580d0,en,26.10.2025,,,,,
Ral Zarek,RVR,Ravnica Remastered,216,normal,mythic,1,89641,3bdd2b4b-5ba3-4984-8d48-c4c1d75dd177,en,26.10.2025,,,,,
Sea of Clouds,CLB,Commander Legends: Battle for Baldur's Gate,360,normal,rare,1,67528,d4fb722f-40af-4bd1-b660-e8186b98f233,en,26.10.2025,,,,,
Path to Exile,BLC,Bloomburrow Commander,147,normal,uncommon,1,96413,a5b070f2-f2f2-4ccd-9a4b-d19ea01b2298,en,26.10.2025,,,,,
The Ozolith,IKO,Ikoria: Lair of Behemoths,237,normal,rare,1,49840,9341ed06-53db-4604-b60a-3ea9129afbc2,en,26.10.2025,,,,,
Karn's Bastion,EOC,Edge of Eternities Commander,163,normal,rare,1,107243,22017ec2-3552-4865-af76-dba042b141f5,en,26.10.2025,,,,,
Glasspool Mimic // Glasspool Shore,ZNR,Zendikar Rising,60,normal,rare,1,54561,5adcb500-8c77-4925-8e2c-1243502827d1,en,26.10.2025,,,,,
Counterspell,PURL,URL/Convention Promos,2,foil,rare,1,100023,f2a7042f-a6f0-4e77-86a2-5eb0d2587363,en,26.10.2025,,,,,
Deflecting Swat,SLD,Secret Lair Drop,1552,normal,rare,2,103725,e2294ef4-3b8e-44be-991a-c68287b1cd14,en,26.10.2025,,,,,
Needleverge Pathway // Pillarverge Pathway,ZNR,Zendikar Rising,263,normal,rare,2,54582,6559047e-6ede-4815-a3a0-389062094f9d,en,26.10.2025,,,,,
Riverglide Pathway // Lavaglide Pathway,ZNR,Zendikar Rising,264,normal,rare,2,54490,2668ac91-6cda-4f81-a08d-4fc5f9cb35b2,en,26.10.2025,,,,,
Steam Vents,RVR,Ravnica Remastered,288,normal,rare,2,89727,66d618f4-443c-4a6c-8cbd-5d4ea96b2cd4,en,26.10.2025,,,,,
Clock of Omens,M13,Magic 2013,202,normal,uncommon,2,17621,5b087992-9c30-4434-acb3-a12ee6f207b3,en,26.10.2025,,,,,
Hallowed Fountain,RVR,Ravnica Remastered,280,normal,rare,2,89905,cd70adab-39db-4cc9-ae37-a342f9109bec,en,26.10.2025,,,,,
Counterspell,SLD,Secret Lair Drop,1589,normal,rare,2,103742,62504a3f-df9f-4fab-a5fc-50fc39288052,en,26.10.2025,,,,,
Pemmin's Aura,SCG,Scourge,45,normal,uncommon,2,30643,9fb3e38b-086e-4fbc-b7b1-8564c18276d7,en,26.10.2025,,,,,
Conqueror's Flail,2X2,Double Masters 2022,302,normal,rare,1,70534,d5f5399a-26c6-4ecd-9715-f6440f6958f1,en,26.10.2025,,,,,
Mariposa Military Base,PIP,Fallout,151,normal,rare,1,92712,cd7be9d4-f9fa-44a3-9902-7e9e226ccf56,en,26.10.2025,,,,,
Ancient Tomb,UMA,Ultimate Masters,236,normal,rare,1,43192,bd3d4b4b-cf31-4f89-8140-9650edb03c7b,en,26.10.2025,,,,,
Everything Comes to Dust,WHO,Doctor Who,19,normal,rare,1,88103,fb4b912c-07d4-42a1-8f3b-d5f34cca087f,en,26.10.2025,,,,,
Mystical Tutor,DMR,Dominaria Remastered,60,normal,rare,1,77856,36fa9a0b-b0c9-43ea-ba11-99d7982f974e,en,26.10.2025,,,,,
Bonders' Enclave,FIC,Final Fantasy Commander,376,normal,rare,1,106112,abcd3daa-dd34-4d7d-b3ed-839f5e438cd7,en,26.10.2025,,,,,
Tezzeret the Seeker,MM2,Modern Masters 2015,62,normal,mythic,1,11155,cf339735-eb1a-46f0-8c3e-eae06f278eca,en,26.10.2025,,,,,
Clever Concealment,FIC,Final Fantasy Commander,236,normal,rare,1,105914,4836e220-5c89-49fc-8918-a51adf026ab4,en,26.10.2025,,,,,
Buster Sword,FIN,Final Fantasy,255,normal,mythic,1,106334,374d7383-a1a7-4eea-91f7-290180e14cc9,en,26.10.2025,,,,,
Vesuva,M3C,Modern Horizons 3 Commander,404,normal,rare,1,94936,40c17aee-1e93-4db8-b491-cb2c10d0cc67,en,26.10.2025,,,,,
Cavern of Souls,LCI,The Lost Caverns of Ixalan,269,normal,mythic,1,86315,3aad15a2-8a1b-4460-9b06-e85863081878,en,26.10.2025,,,,,
"Mikokoro, Center of the Sea",DMC,Dominaria United Commander,217,normal,rare,1,71792,d80eb098-5433-4b1e-aad5-0fd31bf598dd,en,26.10.2025,,,,,
"Nykthos, Shrine to Nyx",THS,Theros,223,normal,rare,1,15441,834b27a0-dfd7-4f96-8cde-cacac4b24acc,en,26.10.2025,,,,,
Nesting Grounds,MH3,Modern Horizons 3,302,normal,uncommon,2,94866,7f1d8a22-e730-4344-bba9-7c495500f065,en,26.10.2025,,,,,
Witch Enchanter // Witch-Blessed Meadow,MH3,Modern Horizons 3,239,normal,uncommon,1,94472,62061e7c-cf19-4f03-b8fa-2bdba62d6b0b,en,26.10.2025,,,,,
Witch's Clinic,DSC,Duskmourn: House of Horror Commander,325,normal,rare,1,99358,d2422e3e-a923-4516-b87c-cac748354dca,en,26.10.2025,,,,,
War Room,MKC,Murders at Karlov Manor Commander,310,normal,rare,1,90479,a824d5c0-cdd3-42e2-ac04-b8cada566163,en,26.10.2025,,,,,
Drannith Ruins,MAT,March of the Machine: The Aftermath,50,normal,rare,2,82586,9c07dda8-06dd-499a-9825-dc6b9a73e455,en,26.10.2025,,,,,
Strixhaven Stadium,STX,Strixhaven: School of Mages,259,normal,rare,3,58074,421674ee-4b85-4942-b166-952598165826,en,26.10.2025,,,,,
Ornithopter of Paradise,DRC,Aetherdrift Commander,133,normal,common,2,103019,47c976ee-7eb3-42bb-8bfb-5eda12417e97,en,26.10.2025,,,,,
Lightning Greaves,DRC,Aetherdrift Commander,55,normal,uncommon,2,103027,4b8bfdd3-7c73-4d13-8a8d-50b6dd85fad3,en,26.10.2025,,,,,
Aetheric Amplifier,DRC,Aetherdrift Commander,18,normal,rare,2,102947,21c33a91-b02c-43ec-a385-aa0349928f9c,en,26.10.2025,,,,,
Soul Foundry,C19,Commander 2019,223,normal,rare,2,45711,6c7a441b-e4af-41ba-85a4-fcb4f40534c3,en,26.10.2025,,,,,
Deadly Rollick,CMM,Commander Masters,147,normal,rare,3,84050,0e13f735-54fa-42b6-aea4-ced33811d7d4,en,26.10.2025,,,,,
Angelfire Ignition,INR,Innistrad Remastered,229,normal,rare,2,102648,84ec79d8-c8de-46be-9d82-5e6bd5de9cad,en,26.10.2025,,,,,
The Seriema,EOE,Edge of Eternities,35,normal,rare,1,106771,dec91ec3-42d3-4922-96f0-dbb50a576084,en,26.10.2025,,,,,
Raugrin Triome,IKO,Ikoria: Lair of Behemoths,251,normal,rare,1,49826,02138fbb-3962-4348-8d31-faaefba0b8b2,en,26.10.2025,,,,,
"Teferi, Who Slows the Sunset",MID,Innistrad: Midnight Hunt,245,normal,mythic,1,63392,ad2e18d4-986c-4a44-8f26-1b8689339cfb,en,26.10.2025,,,,,
Hengegate Pathway // Mistgate Pathway,PKHM,Kaldheim Promos,260s,foil,rare,1,57340,358ac5f8-6719-4777-81cb-4d64d5f24415,en,26.10.2025,,,,,
The Aetherspark,DFT,Aetherdrift,231,normal,mythic,1,102890,05690d52-06c4-40b1-8360-380418a83250,en,26.10.2025,,,,,
Aura of Dominion,CHK,Champions of Kamigawa,51,normal,uncommon,1,29175,26913c27-5794-42c7-a2a2-af565ce84fd1,en,26.10.2025,,,,,
Reckoner Bankbuster,NEO,Kamigawa: Neon Dynasty,255,normal,rare,1,66510,279acd17-6c17-427b-a69d-fc02442ff4a3,en,26.10.2025,,,,,
Dreamtide Whale,MH3,Modern Horizons 3,59,normal,rare,1,94831,fd7dc03e-2a61-482a-b7eb-6cdb7f375fd8,en,26.10.2025,,,,,
Diamond City,PIP,Fallout,147,normal,rare,1,92085,3e9bd49a-e9f1-4543-b04a-777a9e5a55ec,en,26.10.2025,,,,,
All Will Be One,ONE,Phyrexia: All Will Be One,118,normal,mythic,1,78611,6d75e1f4-bd63-428e-8e6e-131594b3ba44,en,26.10.2025,,,,,
Sacred Foundry,EOE,Edge of Eternities,256,normal,rare,1,106767,8b4e2642-3c87-4708-b9b4-2e7f7359ac7d,en,26.10.2025,,,,,
Mystic Gate,M3C,Modern Horizons 3 Commander,359,normal,rare,1,94826,f43e51f2-5d54-47ec-b573-cc1759681e9a,en,26.10.2025,,,,,
Freed from the Real,A25,Masters 25,58,normal,uncommon,1,2658,c47ee6f6-50c1-4f56-b9ce-4c309bfb92ca,en,26.10.2025,,,,,
Vivid Meadow,NCC,New Capenna Commander,446,normal,uncommon,1,68246,625a42b4-d88c-48e0-96b1-77388ca48810,en,26.10.2025,,,,,
"Dawnsire, Sunstar Dreadnought",EOE,Edge of Eternities,238,normal,mythic,1,107035,6133355c-3dcf-466a-b771-fe6c44d4fa4d,en,26.10.2025,,,,,
"Uthros, Titanic Godcore",EOE,Edge of Eternities,260,normal,mythic,1,106952,11da39d6-cfa6-498d-91b1-11454cc7e5a3,en,26.10.2025,,,,,
Cultivator's Caravan,DRC,Aetherdrift Commander,127,normal,rare,1,103094,6e6ab4b6-49a8-4c02-a230-74a29f535f8c,en,26.10.2025,,,,,
Blitzball Stadium,FIC,Final Fantasy Commander,34,normal,rare,1,105995,771808d9-d0c8-418b-ab6c-1ae6fc07ca20,en,26.10.2025,,,,,
Unwinding Clock,C18,Commander 2018,228,normal,rare,1,615,c3fd1a59-4ade-459f-90d2-1fc67d6d1384,en,26.10.2025,,,,,
Enlightened Tutor,DMR,Dominaria Remastered,6,normal,rare,1,77806,1c9675fb-1a89-420f-aea8-50e0642f549c,en,26.10.2025,,,,,
Walking Ballista,2XM,Double Masters,306,normal,rare,1,51887,5272436e-74f0-44c4-a291-ea8ebc3f1525,en,26.10.2025,,,,,
"Minamo, School at Water's Edge",CHK,Champions of Kamigawa,279,normal,rare,1,28946,7536292c-da25-41c8-ba28-1e35758a7f3d,en,26.10.2025,,,,,
"Urza, Lord High Artificer",CMM,Commander Masters,130,normal,mythic,1,84523,7b7a348a-51f7-4dc5-8fe7-1c70fea5e050,en,26.10.2025,,,,,
"Yuriko, the Tiger's Shadow",CMM,Commander Masters,364,normal,rare,1,85102,fe9be3e0-076c-4703-9750-2a6b0a178bc9,en,26.10.2025,,,,,
The Soul Stone,SPM,Marvel's Spider-Man,66,normal,mythic,1,107904,1982f910-a9bd-4e94-a187-84381b22aacc,en,26.10.2025,,,,,
Morphic Pool,CLB,Commander Legends: Battle for Baldur's Gate,357,normal,rare,1,67505,48e40927-dd87-42ed-b805-0ae8ba81f5fb,en,26.10.2025,,,,,
Misdirection,DDT,Duel Decks: Merfolk vs. Goblins,15,normal,rare,1,3696,c96763d6-0cea-40ed-afb2-886bfebe50a0,en,26.10.2025,,,,,
Vampiric Tutor,DMR,Dominaria Remastered,108,normal,mythic,1,77854,34a0203f-9cce-43a4-9cb7-8ce6647895cd,en,26.10.2025,,,,,
Force of Will,DMR,Dominaria Remastered,50,normal,mythic,1,78021,89f612d6-7c59-4a7b-a87d-45f789e88ba5,en,26.10.2025,,,,,
Scroll Rack,CMR,Commander Legends,337,normal,mythic,1,55931,dfaaa58d-89bb-4cb3-96a6-b480e6f6954e,en,26.10.2025,,,,,
Polluted Delta,MH3,Modern Horizons 3,224,normal,rare,1,91764,6e288374-2b71-4ace-b1d2-a19fee6cb4af,en,26.10.2025,,,,,
The Black Gate,LTC,Tales of Middle-earth Commander,80,normal,rare,1,83043,46418186-c215-47c4-9d0a-d15a1d8ca613,en,26.10.2025,,,,,
Sensei's Divining Top,2X2,Double Masters 2022,314,normal,rare,1,70569,e5142b7a-e580-4737-a4aa-2590f6610ceb,en,26.10.2025,,,,,
Sink into Stupor // Soporific Springs,MH3,Modern Horizons 3,241,normal,uncommon,1,94450,5358b87a-1a29-426d-b165-40c97da2c14d,en,26.10.2025,,,,,
Rhystic Study,PCY,Prophecy,45,normal,common,1,33635,3394cefd-a3c6-4917-8f46-234e441ecfb6,en,26.10.2025,,,,,
"Minas Morgul, Dark Fortress",LTC,Tales of Middle-earth Commander,514,normal,rare,1,86479,50f76652-15e7-4190-842e-db6db6d66e91,en,26.10.2025,,,,,
Rogue's Passage,FIC,Final Fantasy Commander,415,normal,uncommon,1,106134,b8cd0293-d140-4f80-804c-019957c1f49a,en,26.10.2025,,,,,
"Shizo, Death's Storehouse",DMC,Dominaria United Commander,233,normal,rare,1,71233,099352e2-38c8-4fb4-a25f-6d928aa20f9e,en,26.10.2025,,,,,
Fierce Guardianship,CMM,Commander Masters,94,normal,rare,2,85067,f7f3dd95-bd14-4e0f-a388-444f9cf1b0dc,en,26.10.2025,,,,,
Swords to Plowshares,EOC,Edge of Eternities Commander,45,normal,uncommon,1,107228,0e7ff4dc-af63-4342-9a44-d059e62bd14c,en,12.12.2025,,,,,
Rockalanche,TLA,Avatar: The Last Airbender,192,normal,uncommon,1,109701,52b213d3-6f68-43e6-91e9-435d8fe1f34c,en,12.12.2025,,,,,
"Moraug, Fury of Akoum",EOC,Edge of Eternities Commander,89,normal,mythic,1,107013,4481eab8-9e7d-4db8-b1f2-fdf5ee1919a2,en,12.12.2025,,,,,
Haywire Mite,DSC,Duskmourn: House of Horror Commander,247,normal,uncommon,1,99088,286f4d3a-6b38-404f-aaea-a1d3694f4fe6,en,12.12.2025,,,,,
"Ashaya, Soul of the Wild",DSC,Duskmourn: House of Horror Commander,170,normal,mythic,1,99046,0a74b4e6-f6c9-4fef-a83c-a285a541e720,en,12.12.2025,,,,,
The Great Henge,CMM,Commander Masters,294,normal,mythic,1,84426,6340e0f3-7f9c-4d71-8daf-e1be5505eb5b,en,12.12.2025,,,,,
Esper Sentinel,H2R,Modern Horizons 2 Timeshifts,2,normal,rare,1,94531,8b5a916f-a6f2-4e89-b38f-7e5bc0c2e032,en,12.12.2025,,,,,
Plateau,3ED,Revised Edition,284,normal,rare,4,41141,c6ae9cff-8646-4069-8761-df734e067beb,en,12.12.2025,,,,,
"Toph, Earthbending Master",TLE,Avatar: The Last Airbender Eternal,145,normal,mythic,1,109397,22d1b078-9175-45ab-8fbe-ed4af2abde1f,en,12.12.2025,,,,,
Ba Sing Se,TLA,Avatar: The Last Airbender,266,normal,rare,1,109786,bdf3b2be-d0cd-4a3c-a10e-82d32c12d3bd,en,12.12.2025,,,,,
Secret Tunnel,TLA,Avatar: The Last Airbender,278,normal,rare,1,109406,2d39a0e1-6484-409c-ab05-5b276925a949,en,12.12.2025,,,,,
Jetmir's Garden,SNC,Streets of New Capenna,250,normal,rare,1,67656,26d40e03-6de4-4373-9fbf-04c1dd79e995,en,12.12.2025,,,,,
"The Boulder, Ready to Rumble",TLA,Avatar: The Last Airbender,168,normal,uncommon,1,109826,ec27a466-5457-44c6-a842-1de7d3788d66,en,12.12.2025,,,,,
Path to Exile,WHO,Doctor Who,210,normal,uncommon,1,87901,d0b5c4d1-4271-4e89-9947-95ca9ff1d63d,en,12.12.2025,,,,,
Windswept Heath,MH3,Modern Horizons 3,235,normal,rare,1,91776,bd1d13f7-fd38-4f0b-a8e0-1eac78668117,en,12.12.2025,,,,,
Annie Joins Up,OTJ,Outlaws of Thunder Junction,191,normal,rare,1,93055,1624a5f4-f5bc-47c9-85de-c5520ee234ce,en,12.12.2025,,,,,
Sylvan Safekeeper,MH3,Modern Horizons 3,287,normal,rare,1,94240,83036e21-21ea-4324-aa07-11757f80c417,en,12.12.2025,,,,,
Wooded Foothills,MH3,Modern Horizons 3,236,normal,rare,1,91761,4e11ea8a-f895-438d-a3b7-f070238e4161,en,12.12.2025,,,,,
Tireless Provisioner,BLC,Bloomburrow Commander,243,normal,uncommon,1,96420,ac73d130-ceb6-41ea-af0d-314d5adba9e6,en,12.12.2025,,,,,
Great Divide Guide,TLA,Avatar: The Last Airbender,181,normal,rare,1,109795,cc3063ec-5ea6-46c1-8331-c740cbaf6c76,en,12.12.2025,,,,,
Chromatic Lantern,M3C,Modern Horizons 3 Commander,285,normal,rare,1,94967,69d76fe8-3ef1-491f-a69f-560f11611e42,en,12.12.2025,,,,,
"Bumi, Unleashed",TLA,Avatar: The Last Airbender,211,normal,mythic,1,109522,b20a5185-7e31-4fc9-be11-9423bfc389bf,en,12.12.2025,,,,,
Arid Mesa,MH2,Modern Horizons 2,244,normal,rare,1,58964,25ac5405-df7b-4097-914a-022cb18e20d4,en,12.12.2025,,,,,
Urza's Saga,MH2,Modern Horizons 2,259,normal,rare,1,59025,c1e0f201-42cb-46a1-901a-65bb4fc18f6c,en,12.12.2025,,,,,
"Yavimaya, Cradle of Growth",M3C,Modern Horizons 3 Commander,409,normal,rare,1,94990,8a12b4f7-8f6b-4a3c-9114-825e1b2099a0,en,12.12.2025,,,,,
Zuran Orb,MH2,Modern Horizons 2,300,normal,uncommon,1,59588,618c8ecc-686d-41de-b9b1-1a7ee9cc7c14,en,12.12.2025,,,,,
Arcbound Ravager,MMA,Modern Masters,198,normal,rare,1,16111,c0c33a92-5621-40b4-a3a2-b67893edbc01,en,12.12.2025,,,,,
Felidar Retreat,FDN,Foundations,574,normal,rare,1,100801,89e3cc09-5057-4c05-88fc-d6cda809fc74,en,12.12.2025,,,,,
Temple Garden,ECL,Lorwyn Eclipsed,268,normal,rare,1,108951,6cdd2a74-63b3-4ff2-9c5a-a85dee63c3c9,en,12.12.2025,,,,,
Stomping Ground,EOE,Edge of Eternities,258,normal,rare,1,106763,69be21b4-c613-47c6-ba57-f4785861af3e,en,12.12.2025,,,,,
Dryad of the Ilysian Grove,M3C,Modern Horizons 3 Commander,225,normal,rare,1,95000,9898dd33-63fb-49d3-bea4-5346d6d56f30,en,12.12.2025,,,,,
Mossborn Hydra,FDN,Foundations,107,normal,rare,1,100661,7054a0d7-396f-40b4-ab24-db591c3b08f0,en,12.12.2025,,,,,
Organic Extinction,EOC,Edge of Eternities Commander,66,normal,rare,1,107340,daaa7b7e-76fc-47a0-a58d-1169be1aa335,en,12.12.2025,,,,,
Fabled Passage,EOC,Edge of Eternities Commander,60,normal,rare,1,107052,6a21ecc8-f6fd-4670-91d8-94b9ce94c2fe,en,12.12.2025,,,,,
Sacred Foundry,EOE,Edge of Eternities,256,normal,rare,1,106767,8b4e2642-3c87-4708-b9b4-2e7f7359ac7d,en,12.12.2025,,,,,
Expedition Map,M3C,Modern Horizons 3 Commander,292,normal,common,1,94986,8710f97d-28c7-4809-a4cd-81d08a7e3909,en,12.12.2025,,,,,
"Evendo, Waking Haven",EOE,Edge of Eternities,253,normal,mythic,1,107398,2fa09104-acbe-4410-b101-2fe6ac28efde,en,12.12.2025,,,,,
Evolution Sage,LCC,The Lost Caverns of Ixalan Commander,240,normal,uncommon,1,88910,d089c2c1-e304-4f28-8700-5b9b3029bdbc,en,12.12.2025,,,,,
Cragcrown Pathway // Timbercrown Pathway,ZNR,Zendikar Rising,261,normal,rare,1,54774,da57eb54-5199-4a56-95f7-f6ac432876b1,en,12.12.2025,,,,,
Branchloft Pathway // Boulderloft Pathway,ZNR,Zendikar Rising,258,normal,rare,2,54417,0511e232-2a72-40f5-a400-4f7ebc442d17,en,12.12.2025,,,,,
Mycosynth Lattice,BBD,Battlebond,241,normal,mythic,2,1752,94f89714-3b26-46a2-b9a8-3e664f391cd9,en,12.12.2025,,,,,
"Toph, Greatest Earthbender",TLE,Avatar: The Last Airbender Eternal,70,normal,rare,2,109518,b15acc09-dd32-4e93-a788-7c0ae965a0c8,en,12.12.2025,,,,,
Terra Eternal,WWK,Worldwake,22,normal,rare,2,22169,9bad0759-4132-42b5-9a26-0fcf321a60e0,en,12.12.2025,,,,,
Scute Swarm,DSC,Duskmourn: House of Horror Commander,197,normal,rare,2,99394,ea630ba1-22f9-4a10-bdc6-0d03128214f4,en,12.12.2025,,,,,
Hour of Revelation,ZNC,Zendikar Rising Commander,17,normal,rare,2,55483,ddb53e90-f91e-4da9-ab70-5460958c6c99,en,12.12.2025,,,,,
"Avatar Kyoshi, Earthbender",TLE,Avatar: The Last Airbender Eternal,130,normal,mythic,2,109568,e5505044-d181-4af7-bd24-1a703e58d400,en,12.12.2025,,,,,
"Bumi, Eclectic Earthbender",TLE,Avatar: The Last Airbender Eternal,248,normal,rare,2,108304,f324a384-7380-4f6e-bbba-fac1f2a01b5d,en,12.12.2025,,,,,
Earthshape,TLE,Avatar: The Last Airbender Eternal,67,normal,rare,2,109806,d873c678-c8f2-40f0-ab03-a2fdf5187aea,en,12.12.2025,,,,,
The Stasis Coffin,BRO,The Brothers' War,245,normal,rare,2,75422,45537ac3-fc61-4253-a782-7f3e436b2aa6,en,12.12.2025,,,,,
"Otawara, Soaring City",NEO,Kamigawa: Neon Dynasty,271,normal,rare,2,66528,486d7edc-d983-41f0-8b78-c99aecd72996,en,12.12.2025,,,,,
"Takenuma, Abandoned Mire",NEO,Kamigawa: Neon Dynasty,278,normal,rare,2,66530,499037cc-a577-41cb-8ca2-5e117945634f,en,12.12.2025,,,,,
Abandoned Air Temple,TLA,Avatar: The Last Airbender,263,normal,rare,4,109751,9c0433f9-8f1e-4a19-a83f-a41925f1b1a9,en,12.12.2025,,,,,
Urza's Incubator,MH3,Modern Horizons 3,297,normal,rare,2,94809,c4589226-6072-409b-b598-ebd87f675a6a,en,12.12.2025,,,,,
Path to Exile,ACR,Assassin's Creed,81,normal,uncommon,2,95400,6e4ed445-7b35-4090-9d0e-92532b07c8c7,en,12.12.2025,,,,,
Roaming Throne,LCI,The Lost Caverns of Ixalan,258,normal,rare,5,88390,32fd8b7c-baf3-4d3d-be6f-044a917b11a0,en,12.12.2025,,,,,
Springheart Nantuko,MH3,Modern Horizons 3,171,normal,rare,1,94453,54a3ea87-005e-4985-b2a5-21711d0b71c0,en,26.12.2025,,,,,
"Bristly Bill, Spine Sower",OTJ,Outlaws of Thunder Junction,157,normal,mythic,1,93161,52eef0d6-24b7-40b7-8403-e8e863d0cd55,en,26.12.2025,,,,,
"Obuun, Mul Daya Ancestor",ZNC,Zendikar Rising Commander,2,foil,mythic,1,54630,8319b155-0fba-4d30-9481-bf01afbd3457,en,26.12.2025,,,,,
Constant Mists,STH,Stronghold,104,normal,uncommon,1,36541,97a8a5fe-0391-489b-9556-0a1bf7e1900d,en,26.12.2025,,,,,
Flooded Strand,MH3,Modern Horizons 3,220,normal,rare,1,91770,8f85e12c-196b-4459-b81f-0c9c854e9f57,en,26.12.2025,,,,,
Verdant Catacombs,MH2,Modern Horizons 2,260,normal,rare,1,59004,94c229ea-90da-4aa0-bfda-b162fb3b5b8b,en,26.12.2025,,,,,
"Ozolith, the Shattered Spire",MOM,March of the Machine,198,normal,rare,1,81224,c9eee658-29e8-4ab5-8a0e-31f2f28a9a92,en,26.12.2025,,,,,
Scalding Tarn,MH2,Modern Horizons 2,254,normal,rare,1,58986,71e491c5-8c07-449b-b2f1-ffa052e6d311,en,26.12.2025,,,,,
Cosmos Elixir,KHM,Kaldheim,237,normal,rare,1,56920,6bf084fe-7762-49c5-974a-cdecc10666b3,en,26.12.2025,,,,,
Scythecat Cub,J25,Foundations Jumpstart,24,normal,rare,1,101015,b3dd3c7d-4685-4579-b483-14ddaaaddf5b,en,26.12.2025,,,,,
Field of the Dead,M20,Core Set 2020,247,normal,rare,1,45213,470ca3f4-29aa-4c4c-8ff2-8cdd70c69943,en,26.12.2025,,,,,
Bonder's Ornament,CMM,Commander Masters,370,normal,common,1,84588,89486719-4aba-4465-986b-fecbe4d409a1,en,26.12.2025,,,,,
Halo Fountain,SNC,Streets of New Capenna,15,normal,mythic,2,67610,0ee79399-715c-4c46-9fa1-e76b1087f009,en,26.12.2025,,,,,
Arcbound Mouser,MH2,Modern Horizons 2,3,normal,common,2,59704,9d66e724-49ee-4f08-a160-584350de1d95,en,26.12.2025,,,,,
Inventors' Fair,KLD,Kaladesh,247,normal,rare,2,7396,275471e3-ded1-40ac-91ef-369dce5764d9,en,26.12.2025,,,,,
Contagion Clasp,ECC,Lorwyn Eclipsed Commander,140,normal,uncommon,3,,edd7f08a-3baf-4fb0-921e-b0e7b4a1a545,en,16.01.2026,,,,,
The One Ring,LTR,The Lord of the Rings: Tales of Middle-earth,246,normal,mythic,3,,d5806e68-1054-458e-866d-1f2470f682b2,en,16.01.2026,,,,,
Verdant Catacombs,MH2,Modern Horizons 2,260,normal,rare,3,,67d60b24-d429-4ded-90d9-06e49f28c396,en,16.01.2026,,,,,
Scalding Tarn,MH2,Modern Horizons 2,254,normal,rare,3,,71e491c5-8c07-449b-b2f1-ffa052e6d311,en,16.01.2026,,,,,
Flooded Strand,MH3,Modern Horizons 3,220,normal,rare,3,,8f85e12c-196b-4459-b81f-0c9c854e9f57,en,16.01.2026,,,,,
Arid Mesa,MH2,Modern Horizons 2,244,normal,rare,3,,25ac5405-df7b-4097-914a-022cb18e20d4,en,16.01.2026,,,,,
Vesuva,TSR,Time Spiral Remastered,289,normal,mythic,9,,0726f70a-c1c4-4edb-86fb-9be280d9ea73,en,16.01.2026,,,,,
Fierce Guardianship,CMM,Commander Masters,94,normal,rare,1,85067,f7f3dd95-bd14-4e0f-a388-444f9cf1b0dc,en,23.01.2026,,,,,
Windswept Heath,MH3,Modern Horizons 3,235,normal,rare,1,91776,bd1d13f7-fd38-4f0b-a8e0-1eac78668117,en,23.01.2026,,,,,
Bloodstained Mire,MH3,Modern Horizons 3,216,normal,rare,1,91762,579743fe-f71e-4cb2-8629-d6b02ed1591d,en,23.01.2026,,,,,
Herd Heirloom,TDM,Tarkir: Dragonstorm,144,normal,rare,1,104873,a88c7713-b3a9-4685-b1d3-623d35b62365,en,23.01.2026,,,,,
Raffine's Tower,SNC,Streets of New Capenna,254,normal,rare,1,67924,a2c56479-4bee-4edb-80d7-4af010b7c793,en,23.01.2026,,,,,
Ziatora's Proving Ground,SNC,Streets of New Capenna,261,normal,rare,1,67835,75fdce80-e338-4a50-bdc6-786511feaeef,en,23.01.2026,,,,,
Spara's Headquarters,SNC,Streets of New Capenna,257,normal,rare,1,67828,7363f1fb-9af3-4212-921f-d59533faf0e5,en,23.01.2026,,,,,
Sneak Attack,DMR,Dominaria Remastered,139,normal,mythic,1,78063,a45b4ca9-4355-4690-84c3-a7d44c367dbf,en,23.01.2026,,,,,
Reflections of Littjara,TDC,Tarkir: Dragonstorm Commander,164,normal,rare,1,104659,578a1846-8c1a-4013-b669-1d3f4ddbbaa3,en,23.01.2026,,,,,
"Ashling, Rekindled // Ashling, Rimebound",ECL,Lorwyn Eclipsed,124,normal,rare,1,108956,7d7faefe-9c0d-45b6-8ea4-5fa666762a2c,en,23.01.2026,,,,,
Renewed Solidarity,DRC,Aetherdrift Commander,7,normal,rare,1,103189,9a72b230-dbb0-4d38-ba7a-fb0bd03b6c47,en,23.01.2026,,,,,
Panharmonicon,DRC,Aetherdrift Commander,135,normal,rare,1,103196,9d7903ff-359b-49f5-8782-c9dd789c2da6,en,23.01.2026,,,,,
Shroudstomper,DSK,Duskmourn: House of Horror,233,normal,uncommon,1,99155,53f746bf-0642-48db-835e-27a7fe369fef,en,23.01.2026,,,,,
Three Tree City,BLB,Bloomburrow,260,normal,rare,1,95785,56f88a48-cced-4a9d-8c19-e4f105f0d8a2,en,23.01.2026,,,,,
"Animar, Soul of Elements",2X2,Double Masters 2022,171,normal,mythic,1,70414,a3da57d0-1ae3-4f05-a52d-eb76ad56cae7,en,23.01.2026,,,,,
Ashnod's Altar,CMM,Commander Masters,368,normal,uncommon,1,84257,3c0f7157-a375-499c-92c7-d47d2e95dbad,en,23.01.2026,,,,,
The Immortal Sun,CMM,Commander Masters,393,normal,mythic,1,84584,88f68d45-a6cd-437d-a4b1-2787891f0128,en,23.01.2026,,,,,
Blood Crypt,ECL,Lorwyn Eclipsed,262,normal,rare,1,108952,6da63cc5-4624-4491-abd9-9b600c3fefe2,en,23.01.2026,,,,,
Eclipsed Realms,ECL,Lorwyn Eclipsed,263,normal,uncommon,1,110801,a174f0db-8b4f-4c37-9583-44c92d37b9c0,en,23.01.2026,,,,,
Sunderflock,ECL,Lorwyn Eclipsed,74,normal,rare,1,110642,e5b6221e-cb22-45e4-bb98-2b960afc614c,en,23.01.2026,,,,,
Stomping Ground,EOE,Edge of Eternities,258,normal,rare,1,106763,69be21b4-c613-47c6-ba57-f4785861af3e,en,23.01.2026,,,,,
Overgrown Tomb,ECL,Lorwyn Eclipsed,266,normal,rare,1,108948,45b92924-baa1-4c9b-9932-9a5eda8f3446,en,23.01.2026,,,,,
"Kaheera, the Orphanguard",IKO,Ikoria: Lair of Behemoths,224,normal,rare,1,49853,d4ebed0b-8060-4a7b-a060-5cfcd2172b16,en,23.01.2026,,,,,
Gathering Stone,ECL,Lorwyn Eclipsed,257,normal,uncommon,1,110547,81dfbfe1-143a-4637-b683-a34cfc51993d,en,23.01.2026,,,,,
Kindred Discovery,LCC,The Lost Caverns of Ixalan Commander,159,normal,rare,1,88680,8d264ad1-10a3-41ba-9740-48f2c07a0ec3,en,23.01.2026,,,,,
Watery Grave,EOE,Edge of Eternities,261,normal,rare,1,106762,5b8170dc-6a90-46fc-9989-7575f3d402b5,en,23.01.2026,,,,,
The World Tree,KHM,Kaldheim,275,normal,rare,1,57026,a70cb6d9-3955-4064-917b-11dec26440c5,en,23.01.2026,,,,,
Sundial of the Infinite,M12,Magic 2012,218,normal,rare,1,19049,36d3da9c-cb7a-4cea-b6e6-6722bd16c73c,en,23.01.2026,,,,,
Herald's Horn,M3C,Modern Horizons 3 Commander,296,normal,uncommon,1,94924,2cfafee3-c060-44bd-be6e-8d36501d72d3,en,23.01.2026,,,,,
Flamekin Harbinger,HOP,Planechase,53,normal,uncommon,1,22981,2796424c-f6c5-4851-87fb-145a58fe1f60,en,23.01.2026,,,,,
Breeding Pool,EOE,Edge of Eternities,251,normal,rare,1,106761,3c750d5a-f743-41ff-b5ba-02025ca0bec2,en,23.01.2026,,,,,
Temple Garden,ECL,Lorwyn Eclipsed,268,normal,rare,1,108951,6cdd2a74-63b3-4ff2-9c5a-a85dee63c3c9,en,23.01.2026,,,,,
Annie Joins Up,OTJ,Outlaws of Thunder Junction,191,normal,rare,1,93055,1624a5f4-f5bc-47c9-85de-c5520ee234ce,en,23.01.2026,,,,,
Cavalier of Dawn,M20,Core Set 2020,10,normal,mythic,1,45451,f7b1919e-c0c1-4ac7-9061-a337b6fe7273,en,23.01.2026,,,,,
Brighthearth Banneret,MOR,Morningtide,88,normal,common,1,24937,cb44df5b-6c89-46ae-b068-5056b8c4c189,en,23.01.2026,,,,,
Solitude,H2R,Modern Horizons 2 Timeshifts,3,normal,mythic,1,94598,bbc46960-fdf1-4227-93b8-3fd778be896b,en,23.01.2026,,,,,
Xander's Lounge,SNC,Streets of New Capenna,260,normal,rare,1,67763,54f449ff-4025-465e-9ec5-a5cf42c4c9d3,en,23.01.2026,,,,,
Jetmir's Garden,SNC,Streets of New Capenna,250,normal,rare,1,67656,26d40e03-6de4-4373-9fbf-04c1dd79e995,en,23.01.2026,,,,,
Wooded Foothills,MH3,Modern Horizons 3,236,normal,rare,1,91761,4e11ea8a-f895-438d-a3b7-f070238e4161,en,23.01.2026,,,,,
Misty Rainforest,MH2,Modern Horizons 2,250,normal,rare,1,58999,88231c0d-0cc8-44ec-bf95-81d1710ac141,en,23.01.2026,,,,,
Cavalier of Gales,M20,Core Set 2020,52,normal,mythic,1,45409,a5356b11-e505-4838-aecb-327689eeead1,en,23.01.2026,,,,,
"Boseiju, Who Endures",NEO,Kamigawa: Neon Dynasty,266,normal,rare,2,66332,2135ac5a-187b-4dc9-8f82-34e8d1603416,en,23.01.2026,,,,,
Mutavault,TECL,Lorwyn Eclipsed Tokens,11,normal,common,1,110728,3d2f5d31-a1c6-465f-b518-b40acdfab8aa,en,11.02.2026,,,,,
Swiftfoot Boots,TDC,Tarkir: Dragonstorm Commander,328,normal,uncommon,2,104473,1969b151-3192-4d35-80ca-c4e180601ec8,en,13.03.2026,,,,,
Lightning Greaves,TDC,Tarkir: Dragonstorm Commander,102,normal,uncommon,2,104791,8b59b12c-fde5-4f19-a357-e09f06f490cc,en,13.03.2026,,,,,
Relic of Sauron,LTC,Tales of Middle-earth Commander,79,normal,rare,2,82887,175b3d28-5c74-4972-9b5c-5e39762c78f4,en,13.03.2026,,,,,
Champion of the Path,ECL,Lorwyn Eclipsed,130,normal,rare,2,110854,e369cd31-3e22-47eb-bf6a-00d823651710,en,13.03.2026,,,,,
Bramble Familiar // Fetch Quest,WOE,Wilds of Eldraine,164,normal,rare,2,85373,475d7e9a-759d-4523-a5cd-2a6e0d1b14ea,en,13.03.2026,,,,,
Nulldrifter,MH3,Modern Horizons 3,13,normal,rare,2,94217,4d9f1bb8-c91b-40cd-a416-abbff0d65306,en,13.03.2026,,,,,
Mox Amber,DOM,Dominaria,224,normal,mythic,2,2052,66024e69-ad60-4c9a-a0ca-da138d33ad80,en,13.03.2026,,,,,
Giant's Amulet,KHM,Kaldheim,59,normal,uncommon,2,57035,ab8b1ec2-9303-4722-8644-b3bc1a5c387f,en,13.03.2026,,,,,
"Lumra, Bellow of the Woods",BLB,Bloomburrow,183,normal,mythic,2,91705,ae4f3aaf-3960-48cd-b34b-32e4ae5ae088,en,13.03.2026,,,,,
"Joshua, Phoenix's Dominant // Phoenix, Warden of Fire",FIN,Final Fantasy,229,normal,rare,1,106430,457fdbb9-5439-460f-8e37-176f8919362c,en,04.04.2026,,,,,
Deflecting Swat,CMM,Commander Masters,214,normal,rare,1,84778,b4b36435-55b3-4615-8812-af41d4fc64d9,en,04.04.2026,,,,,
"Shinka, the Bloodsoaked Keep",CHK,Champions of Kamigawa,282,normal,rare,1,28943,d2d5f30e-cc3a-46c1-82a9-2cd73705b2f5,en,04.04.2026,,,,,
Twilight Diviner,ECL,Lorwyn Eclipsed,122,normal,rare,1,110737,443b6f30-1493-4d48-93d9-a91e22a7ebb3,en,04.04.2026,,,,,
"Rosa, Resolute White Mage",FIN,Final Fantasy,555,normal,rare,1,106153,c44e0ad6-9f44-4e4c-8c3b-3ee99409a740,en,04.04.2026,,,,,
Savai Triome,IKO,Ikoria: Lair of Behemoths,253,normal,rare,1,49824,748e6a61-9c1f-4225-9f04-e54002f63ac3,en,04.04.2026,,,,,
"Matzalantli, the Great Door // The Core",LCI,The Lost Caverns of Ixalan,256,normal,rare,1,88826,b4c31b29-06ba-436d-a3d9-18f4796c39be,en,04.04.2026,,,,,
Fear of Missing Out,DSK,Duskmourn: House of Horror,136,normal,rare,1,95607,9d48aaff-46ab-411b-9456-171d4709f951,en,04.04.2026,,,,,
Hidden Grotto,BLB,Bloomburrow,254,normal,common,1,95918,4ba8f2e7-8357-4862-97dc-1942d066023a,en,04.04.2026,,,,,
Tree of Perdition,ECC,Lorwyn Eclipsed Commander,49,normal,mythic,1,110532,750b4c88-26c7-43ec-b6b9-ece3263dfd59,en,04.04.2026,,,,,
Sister Hospitaller,40K,"Warhammer 40,000 Commander",141,normal,rare,1,72584,fb086307-b089-45ba-81d3-789ed35dc5b8,en,04.04.2026,,,,,
Absolver Thrull,GPT,Guildpact,1,normal,common,1,27594,711979c3-e70b-4973-a4f1-020db534fc73,en,04.04.2026,,,,,
Blightstep Pathway // Searstep Pathway,KHM,Kaldheim,252,normal,rare,1,56747,0ce39a19-f51d-4a35-ae80-5b82eb15fcff,en,04.04.2026,,,,,
Talon Gates of Madara,M3C,Modern Horizons 3 Commander,134,normal,rare,1,95025,c565f8fe-acf7-40dd-8100-8f692d1e232c,en,04.04.2026,,,,,
Summon: Knights of Round,FIN,Final Fantasy,36,normal,mythic,1,106339,44d23652-077e-4c1f-b640-b284685db911,en,04.04.2026,,,,,
Palantír of Orthanc,LTR,The Lord of the Rings: Tales of Middle-earth,247,normal,mythic,1,83180,6efb6a69-562c-4d95-858d-b067444cfd7e,en,04.04.2026,,,,,
Karmic Guide,VOC,Crimson Vow Commander,90,normal,rare,1,64657,f550f0dd-9e20-4faf-a374-9d1c5830a52f,en,04.04.2026,,,,,
Ripples of Undeath,MH3,Modern Horizons 3,107,normal,rare,1,94562,a201d1bc-e3fe-4f59-bd48-3683996ac308,en,04.04.2026,,,,,
Conduit Pylons,OTJ,Outlaws of Thunder Junction,254,normal,common,1,93183,5ffa48cc-b991-4d47-b7ec-cf678915c758,en,04.04.2026,,,,,
Phyrexian Tower,MH3,Modern Horizons 3,303,normal,mythic,1,94335,0b47f6d2-9f65-47a4-bfc4-15619befe53d,en,04.04.2026,,,,,
"Miara, Thorn of the Glade",KHC,Kaldheim Commander,51,normal,uncommon,1,57235,7bdb9bfe-5e56-429d-af23-7548532e2406,en,04.04.2026,,,,,
Accursed Marauder,MH3,Modern Horizons 3,80,normal,common,1,94858,5da14d86-0780-4821-a799-96f64b377df4,en,04.04.2026,,,,,
Marsh Flats,MH2,Modern Horizons 2,248,normal,rare,1,59010,9db3ba6d-eb7f-4f5b-9a3b-c6239c3baa42,en,04.04.2026,,,,,
Bloodstained Mire,MH3,Modern Horizons 3,216,normal,rare,1,91762,579743fe-f71e-4cb2-8629-d6b02ed1591d,en,04.04.2026,,,,,
Vault of the Archangel,TDC,Tarkir: Dragonstorm Commander,410,normal,rare,1,104802,8f203f04-bd73-4d88-bb5e-aab63507dbd1,en,04.04.2026,,,,,
Teval's Judgment,TDC,Tarkir: Dragonstorm Commander,28,normal,rare,1,104582,40ed0cef-8ff6-4169-a9f3-7dd5cf56b79f,en,04.04.2026,,,,,
"Tokka & Rahzar, Unsupervised",TMC,Teenage Mutant Ninja Turtles Eternal,28,normal,rare,1,111301,8bc5a0ac-5979-43ce-8a65-98c5f09f4aa6,en,04.04.2026,,,,,
Animate Dead,EMA,Eternal Masters,78,normal,uncommon,1,8597,7b83536a-efa4-41f3-9424-75b0efc0aea5,en,04.04.2026,,,,,
"Karai, Future of the Foot",TMT,Teenage Mutant Ninja Turtles,151,normal,uncommon,1,111180,0dded2d4-1640-4431-809e-403b51b27db6,en,04.04.2026,,,,,
Badlands,3ED,Revised Edition,282,normal,rare,1,41143,56058359-3c0b-49db-a0ce-9ded4c3f4372,en,04.04.2026,,,,,
"Sally Pride, Lioness Leader",TMT,Teenage Mutant Ninja Turtles,24,normal,rare,1,110948,bcd8ee6b-7142-4548-8b7a-691a36411851,en,04.04.2026,,,,,
Leech Gauntlet,NEO,Kamigawa: Neon Dynasty,106,normal,uncommon,1,66417,97986b67-5ae4-492f-a9e0-81f57a829d86,en,04.04.2026,,,,,
Access Tunnel,TDC,Tarkir: Dragonstorm Commander,337,normal,uncommon,1,104625,4bef5957-71a4-4fe0-b2ce-dff8e8690bd9,en,04.04.2026,,,,,
Sonic Screwdriver,WHO,Doctor Who,184,normal,uncommon,1,88054,f131027a-9776-41fa-8a5f-d9ef80e0dc2e,en,04.04.2026,,,,,
Lion Sash,NEO,Kamigawa: Neon Dynasty,26,normal,rare,1,66354,3e1766e9-2fa7-4446-a255-7beea1467ece,en,04.04.2026,,,,,
Scrubland,3ED,Revised Edition,286,normal,rare,1,41139,472034a2-0ba9-4876-ab7a-aa7013d603bb,en,04.04.2026,,,,,
Brightclimb Pathway // Grimclimb Pathway,ZNR,Zendikar Rising,259,normal,rare,1,54762,d24c3d51-795d-4c01-a34a-3280fccd2d78,en,04.04.2026,,,,,
Weather Maker,TMT,Teenage Mutant Ninja Turtles,182,normal,rare,1,110945,aaba62c1-760b-491b-8047-869bb1d3f67e,en,04.04.2026,,,,,
The Cloning of Shredder,TMT,Teenage Mutant Ninja Turtles,60,normal,mythic,1,110933,94449d88-2df4-4850-8ffa-d6d193835dda,en,04.04.2026,,,,,
"Raph & Leo, Sibling Rivals",TMT,Teenage Mutant Ninja Turtles,166,normal,rare,1,110918,49293f77-5d7b-4106-b485-db6ce0ed37e6,en,04.04.2026,,,,,
Fire Nation Salvagers,TLE,Avatar: The Last Airbender Eternal,106,normal,rare,1,109836,fea1319c-7589-480d-a204-65ec68837e59,en,04.04.2026,,,,,
The Aetherspark,DFT,Aetherdrift,231,normal,mythic,1,102890,05690d52-06c4-40b1-8360-380418a83250,en,15.04.2026,,,,,
Lair of the Hydra,M3C,Modern Horizons 3 Commander,353,normal,rare,1,94947,51aabe5e-161b-4c8a-bdb2-983f402a29ef,en,15.04.2026,,,,,
Tyrant of Discord,AVR,Avacyn Restored,162,normal,rare,1,18116,e8f7c8ea-e9c1-4d78-972c-15c4014915a0,en,15.04.2026,,,,,
Mirage Mirror,M3C,Modern Horizons 3 Commander,300,normal,rare,1,94992,8acbbe8f-9373-499f-bf15-1785fc800770,en,15.04.2026,,,,,
Thespian's Stage,M3C,Modern Horizons 3 Commander,395,normal,rare,1,94911,10c1ac95-c277-4430-8499-a005200e85aa,en,15.04.2026,,,,,
"Shizo, Death's Storehouse",DMC,Dominaria United Commander,233,normal,rare,1,71233,099352e2-38c8-4fb4-a25f-6d928aa20f9e,en,15.04.2026,,,,,
Brotherhood Regalia,ACR,Assassin's Creed,71,normal,uncommon,1,95426,8a6439a6-288d-427e-b14b-a99e8ef8c5cd,en,15.04.2026,,,,,
"Brass's Tunnel-Grinder // Tecutlan, the Searing Rift",LCI,The Lost Caverns of Ixalan,135,normal,rare,1,88931,d61d8895-7f2e-4c77-951f-4f1a49e96f57,en,15.04.2026,,,,,
Levitating Statue,BRO,The Brothers' War,236,normal,uncommon,1,75660,9c0a17e2-e019-4686-9795-651da2d2955c,en,15.04.2026,,,,,
Murderous Cut,KTK,Khans of Tarkir,81,normal,uncommon,1,13317,b2dadff2-883f-4134-a881-be145cdcbd84,en,15.04.2026,,,,,
Silverskin Armor,MBS,Mirrodin Besieged,132,normal,uncommon,1,20009,d1dba839-bd1e-4ce8-ab90-005eb1f0102e,en,15.04.2026,,,,,
Ashnod's Altar,CMM,Commander Masters,368,normal,uncommon,1,84257,3c0f7157-a375-499c-92c7-d47d2e95dbad,en,15.04.2026,,,,,
Ring of Evos Isle,M13,Magic 2013,211,normal,uncommon,1,17612,a7c740a8-1bbc-4ec8-a72c-01aee9e48f3d,en,15.04.2026,,,,,
Shifting Woodland,MH3,Modern Horizons 3,228,normal,rare,1,94327,059164e1-894d-4586-9800-e60d6fbd6eb6,en,15.04.2026,,,,,
Karn's Bastion,EOC,Edge of Eternities Commander,163,normal,rare,1,107243,22017ec2-3552-4865-af76-dba042b141f5,en,15.04.2026,,,,,
Cavern of Souls,LCI,The Lost Caverns of Ixalan,269,normal,mythic,1,86315,3aad15a2-8a1b-4460-9b06-e85863081878,en,15.04.2026,,,,,
Polluted Delta,MH3,Modern Horizons 3,224,normal,rare,1,91764,6e288374-2b71-4ace-b1d2-a19fee6cb4af,en,15.04.2026,,,,,
Riveteers Ascendancy,SNC,Streets of New Capenna,216,normal,rare,1,67640,21235916-2379-470c-b9ee-84246043d703,en,15.04.2026,,,,,
Evolutionary Leap,NCC,New Capenna Commander,288,normal,rare,1,68212,4d007d3c-3356-4394-9bcd-2b2c1031c20b,en,15.04.2026,,,,,
Restless Prairie,LCI,The Lost Caverns of Ixalan,281,normal,rare,1,89048,f94ef116-6aff-4f53-a7f9-be5e21c7afa4,en,15.04.2026,,,,,
"Shark Shredder, Killer Clone",TMT,Teenage Mutant Ninja Turtles,73,normal,rare,1,110932,8f946b3d-7d2a-4210-a909-d16078757e3b,en,15.04.2026,,,,,
Rumbleweed,OTC,Outlaws of Thunder Junction Commander,32,normal,rare,1,93954,fe1ecd63-075b-4eda-a9f7-d7f282c81d3b,en,15.04.2026,,,,,
Inkmoth Nexus,MBS,Mirrodin Besieged,145,normal,rare,1,19996,ec50c1c3-885e-47d3-ada7-cc0edbf09df1,en,15.04.2026,,,,,
Gavony Township,MOC,March of the Machine Commander,406,normal,rare,1,81961,ce46c4e2-a515-41d7-8d70-d20cf4925996,en,15.04.2026,,,,,
Tale of Katara and Toph,TLE,Avatar: The Last Airbender Eternal,143,normal,rare,1,109745,8fe2bd89-a7cc-4e8e-98b4-69f196bd1024,en,15.04.2026,,,,,
Kozilek's Unsealing,MH3,Modern Horizons 3,65,normal,uncommon,1,94659,e6b44ffe-db9e-4db5-9806-098411c9ece0,en,15.04.2026,,,,,
Ninja Teen,TMT,Teenage Mutant Ninja Turtles,67,normal,rare,1,110903,0825a28f-f60b-4f80-83e3-cad6f9b266ce,en,15.04.2026,,,,,
Savannah,3ED,Revised Edition,285,normal,rare,1,41140,5ae71290-c133-406c-8b17-9ea22b437806,en,15.04.2026,,,,,
The Soul Stone,SPM,Marvel's Spider-Man,66,normal,mythic,1,107904,1982f910-a9bd-4e94-a187-84381b22aacc,en,15.04.2026,,,,,
Leader's Talent,TMT,Teenage Mutant Ninja Turtles,13,normal,rare,1,110919,4cbcb622-1aff-460f-b8fa-4502d991e0ad,en,15.04.2026,,,,,
Nanogene Conversion,WHO,Doctor Who,49,normal,rare,1,87562,81aa8dbd-ae18-4d62-a721-94afcb12bf27,en,15.04.2026,,,,,
Tundra,3ED,Revised Edition,289,normal,rare,1,41136,9c9d5f72-e199-4d5b-ae7e-cc5b9bdfae99,en,15.04.2026,,,,,
Underground Sea,3ED,Revised Edition,290,normal,rare,1,41135,1f35877c-e66c-4ef0-842a-f68cd233ae4b,en,15.04.2026,,,,,
Gaea's Cradle,USG,Urza's Saga,321,normal,rare,1,35647,25b0b816-0583-44aa-9dc5-f3ff48993a51,en,15.04.2026,,,,,
Plaza of Heroes,DMU,Dominaria United,252,normal,rare,3,71660,a2cfcf67-f83c-43af-9e2d-5513fcdde835,en,15.04.2026,,,,,
Talon Gates of Madara,M3C,Modern Horizons 3 Commander,134,normal,rare,4,95025,c565f8fe-acf7-40dd-8100-8f692d1e232c,en,15.04.2026,,,,,
Big Mother Mouser,TMC,Teenage Mutant Ninja Turtles Eternal,37,normal,rare,2,111360,c9ae6898-6b5a-43bd-8c84-4d8add285f7d,en,15.04.2026,,,,,
Coin of Mastery,TMC,Teenage Mutant Ninja Turtles Eternal,38,normal,rare,2,111361,ca053574-2ac9-4814-955d-87a97e0aca7e,en,15.04.2026,,,,,
"Urborg, Tomb of Yawgmoth",TSR,Time Spiral Remastered,287,normal,rare,2,57768,9e1a9e38-6ffc-490f-b0be-23ba4e8204c6,en,15.04.2026,,,,,
Weather Maker,TMT,Teenage Mutant Ninja Turtles,182,normal,rare,3,110945,aaba62c1-760b-491b-8047-869bb1d3f67e,en,15.04.2026,,,,,
Restless Bivouac,WOE,Wilds of Eldraine,257,normal,rare,2,85679,b85e0aed-bfb2-4aa8-a754-849c4d9a6a58,en,15.04.2026,,,,,
Volcanic Island,3ED,Revised Edition,291,normal,rare,2,41134,b12e5430-0e80-47dd-80ac-85728b656a24,en,15.04.2026,,,,,
Taiga,3ED,Revised Edition,287,normal,rare,2,41138,54c5c65a-a444-4e0f-ae44-a3722cdd32a1,en,15.04.2026,,,,,
Turtle Lair,TMT,Teenage Mutant Ninja Turtles,190,normal,uncommon,2,111358,c50c4580-979b-4863-86b9-16e258198972,en,15.04.2026,,,,,
Marsh Flats,MH2,Modern Horizons 2,248,normal,rare,1,59010,9db3ba6d-eb7f-4f5b-9a3b-c6239c3baa42,en,16.04.2026,,,,,
Interdisciplinary Mascot,MOM,March of the Machine,326,normal,rare,1,81005,0eecdd9a-6c3f-43ee-8d9c-e3466bd7bf5e,en,16.04.2026,,,,,
Grief,H2R,Modern Horizons 2 Timeshifts,7,normal,mythic,1,94463,5d7ddccd-75ea-4d72-9378-02b595b18c0e,en,16.04.2026,,,,,
Rottenmouth Viper,BLB,Bloomburrow,107,normal,mythic,1,96058,735e79b1-a3a9-4ddf-8bbc-f756c8a0452b,en,16.04.2026,,,,,
The Soul Stone,SPM,Marvel's Spider-Man,66,normal,mythic,1,107904,1982f910-a9bd-4e94-a187-84381b22aacc,en,16.04.2026,,,,,
Lightning Greaves,DSC,Duskmourn: House of Horror Commander,93,normal,uncommon,1,99210,732779aa-3000-4a7b-a155-dbddc7de8d03,en,16.04.2026,,,,,
Power Depot,MH2,Modern Horizons 2,251,normal,uncommon,1,59385,032eba04-0a63-4823-85e1-64861330a8d7,en,16.04.2026,,,,,
Swords to Plowshares,SLD,Secret Lair Drop,1021,normal,rare,2,67295,a004dc79-3857-4663-930c-59b2240e84bc,en,16.04.2026,,,,,
Cephalid Facetaker,NCC,New Capenna Commander,23,normal,rare,1,68343,a77d91f7-f7c9-47e4-b5c5-46c921335e42,en,17.04.2026,,,,,
Hall of Tagsin,BRO,The Brothers' War,263,normal,rare,1,75692,a8007012-39c5-4247-ba77-1cfcaade37fa,en,17.04.2026,,,,,
Faerie Conclave,WOC,Wilds of Eldraine Commander,160,normal,uncommon,1,85666,b41920ea-a57c-41ec-a3bd-765abb902bc3,en,17.04.2026,,,,,
"Raphael, the Nightwatcher",TMT,Teenage Mutant Ninja Turtles,103,normal,rare,1,110926,6af50b50-3776-4383-b493-7c5dd732c965,en,17.04.2026,,,,,
Soulstone Sanctuary,FDN,Foundations,133,normal,rare,1,100596,642553a7-6d0f-483d-a873-3a703786db42,en,17.04.2026,,,,,
Muraganda Raceway,DFT,Aetherdrift,257,normal,rare,1,103042,5041ae16-29ff-4ad5-8a37-4736e9409294,en,17.04.2026,,,,,
Thespian's Stage,M3C,Modern Horizons 3 Commander,395,normal,rare,1,94911,10c1ac95-c277-4430-8499-a005200e85aa,en,17.04.2026,,,,,
Psychic Paper,WHO,Doctor Who,181,normal,uncommon,1,88019,eae12c61-0125-4810-b0e4-139c27b1b08b,en,17.04.2026,,,,,
Does Machines,TMT,Teenage Mutant Ninja Turtles,34,normal,rare,1,110935,989da63a-2cbd-41a9-9bbb-99f4ad1c6a25,en,17.04.2026,,,,,
"Irma, Part-Time Mutant",TMC,Teenage Mutant Ninja Turtles Eternal,12,normal,rare,1,111354,c3128529-4ccd-4809-8388-03f7faa0eabe,en,17.04.2026,,,,,
Blinkmoth Nexus,2XM,Double Masters,311,normal,rare,1,51859,3ac535c1-9ef3-45b5-8959-7e79589d47ad,en,17.04.2026,,,,,
Three Tree City,BLB,Bloomburrow,260,normal,rare,1,95785,56f88a48-cced-4a9d-8c19-e4f105f0d8a2,en,17.04.2026,,,,,
"Urborg, Tomb of Yawgmoth",TSR,Time Spiral Remastered,287,normal,rare,1,57768,9e1a9e38-6ffc-490f-b0be-23ba4e8204c6,en,17.04.2026,,,,,
"Donatello, Mutant Mechanic",TMT,Teenage Mutant Ninja Turtles,36,normal,mythic,1,110911,3271b821-8efc-49e2-96fd-c48e2b2585c6,en,17.04.2026,,,,,
Spark Double,RVR,Ravnica Remastered,62,normal,rare,2,89890,c41b9ba2-0006-4d8e-b600-efe81ff5e0cc,en,17.04.2026,,,,,
Sanctum of Eternity,C19,Commander 2019,59,normal,rare,2,45875,a680cc6d-9c31-4f5d-808f-dace92bf4346,en,17.04.2026,,,,,
Canopy Gargantuan,TDC,Tarkir: Dragonstorm Commander,45,normal,rare,1,104783,87736547-7534-4f0a-86e0-be9b0428be1e,en,08.05.2026,,,,,
"Big Apple, 3 a.m.",TMC,Teenage Mutant Ninja Turtles Eternal,42,normal,rare,1,111344,b9cc16f9-fea3-4527-9b81-3c84ce9c5e01,en,08.05.2026,,,,,
"Renata, Called to the Hunt",THB,Theros Beyond Death,196,normal,uncommon,1,46866,2b27e6b2-13ad-42b2-a121-70935913723d,en,08.05.2026,,,,,
Pensive Professor,SOS,Secrets of Strixhaven,63,normal,rare,1,111707,66d47940-84f9-4479-8562-45e5148435d4,en,08.05.2026,,,,,
"Vito, Thorn of the Dusk Rose",M21,Core Set 2021,127,normal,rare,1,50709,0fe79ee4-c3f3-4a6b-a967-203ca3b70ee5,en,08.05.2026,,,,,
Doubling Season,FDN,Foundations,216,normal,mythic,1,101340,f2c4f80e-84a0-463b-82c3-5c6503809351,en,08.05.2026,,,,,
Hall of Tagsin,BRO,The Brothers' War,263,normal,rare,1,75692,a8007012-39c5-4247-ba77-1cfcaade37fa,en,08.05.2026,,,,,
"Drana, Liberator of Malakir",LCC,The Lost Caverns of Ixalan Commander,193,normal,mythic,1,88248,0850b41d-3589-40cd-ae22-cc5b4ddee1c4,en,08.05.2026,,,,,
Dismissive Pyromancer,M19,Core Set 2019,136,normal,rare,1,1176,a0d0a9fa-75c9-4492-accd-bc9f79407453,en,08.05.2026,,,,,
"Ayara, First of Locthwain",ELD,Throne of Eldraine,75,normal,rare,1,46263,ed0ace28-9a33-4f0d-b8c8-f5517f20ccf1,en,08.05.2026,,,,,
Ouroboroid,EOE,Edge of Eternities,201,normal,mythic,1,106971,209c591a-4ab2-4e89-9523-a7b766cf4e51,en,08.05.2026,,,,,
Master of the Wild Hunt,A25,Masters 25,181,normal,mythic,1,2535,3c56fda1-d286-46b1-9617-4f7c430abb79,en,08.05.2026,,,,,
"Sothera, the Supervoid",EOE,Edge of Eternities,115,normal,mythic,1,106772,e99d6fc0-dcf2-4b25-81c2-02c230a36246,en,08.05.2026,,,,,
"Valentin, Dean of the Vein // Lisette, Dean of the Root",STX,Strixhaven: School of Mages,161,normal,rare,1,58125,65008352-bc7e-40b2-a832-b46813e5dc4c,en,08.05.2026,,,,,
Big Mother Mouser,TMC,Teenage Mutant Ninja Turtles Eternal,37,normal,rare,1,111360,c9ae6898-6b5a-43bd-8c84-4d8add285f7d,en,08.05.2026,,,,,
Grave Researcher // Reanimate,SOS,Secrets of Strixhaven,85,normal,rare,1,111721,8b1e10e8-ea14-4761-910b-4072e2a18456,en,08.05.2026,,,,,
Goldvein Hydra,OTJ,Outlaws of Thunder Junction,167,normal,mythic,1,93378,de0e01e4-e143-47fd-8565-7b48219bb546,en,08.05.2026,,,,,
"Plargg, Dean of Chaos // Augusta, Dean of Order",STX,Strixhaven: School of Mages,155,normal,rare,1,58113,5bd9b5cf-f018-48af-a081-995ce8ecc539,en,08.05.2026,,,,,
War Room,MKC,Murders at Karlov Manor Commander,310,normal,rare,1,90479,a824d5c0-cdd3-42e2-ac04-b8cada566163,en,08.05.2026,,,,,
Fractal Harness,C21,Commander 2021,61,normal,rare,1,58670,b7fdad91-fa92-42b6-ad44-f4a3819212f2,en,08.05.2026,,,,,
"Rishkar, Peema Renegade",BLC,Bloomburrow Commander,235,normal,rare,1,96304,5c9de5df-b993-4799-b5a4-d9926da0b312,en,08.05.2026,,,,,
Cauldron of Essence,SOS,Secrets of Strixhaven,179,normal,rare,1,112501,b7091740-e70c-4cf2-8d3d-b8e1ac1fbbdd,en,08.05.2026,,,,,
Bloodspore Thrinax,CMM,Commander Masters,276,normal,rare,1,84470,6efe9126-15ba-468e-a15a-7f9cbb779cf6,en,08.05.2026,,,,,
Metallic Mimic,INR,Innistrad Remastered,268,normal,rare,1,102689,9ad98263-9fe6-4766-a9fb-4776e570c250,en,08.05.2026,,,,,
Yavimaya Bloomsage // Channel,SOC,Secrets of Strixhaven Commander,44,normal,rare,1,112204,fc962e45-ab71-47e2-b736-644901ffe7d6,en,08.05.2026,,,,,
Professional Face-Breaker,M3C,Modern Horizons 3 Commander,216,normal,rare,1,94749,5d6789ac-934f-4591-a009-13faa453be05,en,08.05.2026,,,,,
"Ozolith, the Shattered Spire",MOM,March of the Machine,198,normal,rare,1,81224,c9eee658-29e8-4ab5-8a0e-31f2f28a9a92,en,08.05.2026,,,,,
Towashi Guide-Bot,NEO,Kamigawa: Neon Dynasty,262,normal,uncommon,1,66818,da4ccf70-b661-46ea-bea9-4466a3a35562,en,08.05.2026,,,,,
Forgotten Ancient,MOC,March of the Machine Commander,297,normal,rare,1,81813,90fc94d9-b8af-4de8-a42d-ae508f8f1cd5,en,08.05.2026,,,,,
Terrasymbiosis,EOE,Edge of Eternities,210,normal,rare,1,106977,26008c7d-5dbe-4da2-b475-4dd307e7bc68,en,08.05.2026,,,,,
Silkguard,NEC,Neon Dynasty Commander,29,normal,rare,1,66956,d4373a89-b571-46e2-9021-02aa4cdbb3b0,en,08.05.2026,,,,,
Idol of False Gods,MH3,Modern Horizons 3,210,normal,uncommon,1,94636,d5e1ff6d-190a-497f-89c3-35e0979c93b5,en,08.05.2026,,,,,
"Ygra, Eater of All",BLB,Bloomburrow,241,normal,mythic,1,95825,b9ac7673-eae8-4c4b-889e-5025213a6151,en,08.05.2026,,,,,
"Susur Secundi, Void Altar",EOE,Edge of Eternities,259,normal,mythic,1,107126,aefb8c0d-2bc6-4bec-851e-0137b4abfb22,en,08.05.2026,,,,,
"Arwen, Weaver of Hope",LTC,Tales of Middle-earth Commander,35,normal,rare,1,83065,4d4f4d41-232d-4377-be69-de590b880edb,en,08.05.2026,,,,,
Fountainport,BLB,Bloomburrow,253,normal,rare,1,96052,658cfcb7-81b7-48c6-9dd2-1663d06108cf,en,08.05.2026,,,,,
Brightcap Badger // Fungus Frolic,BLC,Bloomburrow Commander,28,normal,rare,1,96166,0e843102-b8cc-4bc8-872e-79924197f4cc,en,08.05.2026,,,,,
Propagator Drone,MH3,Modern Horizons 3,167,normal,uncommon,1,94855,4f5b2d89-d641-4815-8e6c-5dba0d31419e,en,08.05.2026,,,,,
Defiler of Vigor,DMU,Dominaria United,160,normal,rare,1,71229,0896860c-d028-4193-89a5-97e05c12a1e7,en,08.05.2026,,,,,
The Shire,LTR,The Lord of the Rings: Tales of Middle-earth,260,normal,rare,1,83539,d5178a1b-588b-4414-a370-ac6eed51187a,en,08.05.2026,,,,,
Branching Evolution,MH3,Modern Horizons 3,285,normal,rare,1,94885,c0f1a736-8b12-4f58-a031-bf1733f65c51,en,08.05.2026,,,,,
Mirrex,ONE,Phyrexia: All Will Be One,254,normal,rare,1,78548,54a702cd-ca49-4570-b47e-8b090452a3c3,en,08.05.2026,,,,,
Gyre Sage,MOC,March of the Machine Commander,300,normal,rare,1,81924,be573ae7-967a-4b98-9058-ec3ff82ff63f,en,08.05.2026,,,,,
Death's Presence,MIC,Midnight Hunt Commander,137,normal,rare,1,63714,fd24d5dc-a4c5-4821-92f6-52d1840be66a,en,08.05.2026,,,,,
Primeval Protector,NEC,Neon Dynasty Commander,124,normal,rare,1,66978,15ab4c3b-323a-47c6-b675-447d16def3d5,en,08.05.2026,,,,,
Kalonian Hydra,BLC,Bloomburrow Commander,226,normal,mythic,1,96396,9a936dcd-684a-47f6-860c-2f3541d8286c,en,08.05.2026,,,,,
Basking Broodscale,MH3,Modern Horizons 3,145,normal,common,1,94470,5feba5d6-99a6-4e9b-8a7d-90d955868fc3,en,08.05.2026,,,,,
Expansion Algorithm,SOC,Secrets of Strixhaven Commander,19,normal,rare,1,112176,ef261999-1c18-46f3-bbd6-72911e14328f,en,08.05.2026,,,,,
"Bristly Bill, Spine Sower",OTJ,Outlaws of Thunder Junction,157,normal,mythic,1,93161,52eef0d6-24b7-40b7-8403-e8e863d0cd55,en,08.05.2026,,,,,
Sandstorm Salvager,BIG,The Big Score,19,normal,mythic,2,93495,13b0f27c-a359-4702-833a-82fec161eeec,en,08.05.2026,,,,,
Daydream,SOS,Secrets of Strixhaven,9,normal,uncommon,2,112304,e2b16cb2-b8b2-45df-9695-3c16e9d89e28,en,08.05.2026,,,,,
Tyvar's Stand,ONE,Phyrexia: All Will Be One,190,normal,uncommon,2,78843,c7b362a5-382a-4016-b4f2-aa7b683354c4,en,08.05.2026,,,,,
Fugitive Droid,TMT,Teenage Mutant Ninja Turtles,40,normal,uncommon,1,111572,50c4e65f-00dc-4fc5-bd5c-8482c2848f4c,en,12.06.2026,,,,,
Ondu Inversion // Ondu Skyruins,ZNR,Zendikar Rising,30,normal,rare,1,54714,b6e6be8c-41c3-4348-a8dd-b40ceb24e9b4,en,12.06.2026,,,,,
Ancient Tomb,UMA,Ultimate Masters,236,normal,rare,1,43192,bd3d4b4b-cf31-4f89-8140-9650edb03c7b,en,12.06.2026,,,,,
Legion Angel,ZNR,Zendikar Rising,23,normal,rare,4,54730,bda5609a-ab22-4f03-988b-8056c97fdc9e,en,12.06.2026,,,,,
Gingerbrute,WOE,Wilds of Eldraine,246,normal,common,1,85242,09a4578a-7dc6-4da3-93ee-913b10be5740,en,12.06.2026,,,,,
Artificer Class,CLB,Commander Legends: Battle for Baldur's Gate,663,normal,rare,1,69662,cf4e9335-06e3-4b27-8fd8-3e44ece89a36,en,12.06.2026,,,,,
Mystic Forge,M3C,Modern Horizons 3 Commander,302,normal,rare,1,94931,375e6985-e212-4bd0-b06c-0ca7dc1f68e6,en,12.06.2026,,,,,
Racers' Scoreboard,DFT,Aetherdrift,239,normal,uncommon,1,103502,50bae2ba-a6a0-4a6a-96e9-0e0372e55108,en,12.06.2026,,,,,
Maskwood Nexus,DRC,Aetherdrift Commander,132,normal,rare,1,103265,c6f2c543-9b01-4760-966a-f0609c24f53e,en,12.06.2026,,,,,
Nesting Bot,DFT,Aetherdrift,22,normal,uncommon,1,103118,7829c0ae-f72f-4195-ad43-775d7218565c,en,12.06.2026,,,,,
Amonkhet Raceway,DFT,Aetherdrift,248,normal,uncommon,1,103040,4f312807-ea2a-4385-8774-4e23b4a5d4a6,en,12.06.2026,,,,,
Flawless Maneuver,CMM,Commander Masters,24,normal,rare,1,84728,ab12f69e-1491-47a8-8c46-d85bbf637ff6,en,12.06.2026,,,,,
"Vnwxt, Verbose Host",DFT,Aetherdrift,73,normal,rare,1,103153,893254c7-64cc-4cb9-b79f-2c41a8935ea0,en,12.06.2026,,,,,
Adaptive Omnitool,DRC,Aetherdrift Commander,16,normal,rare,1,102929,1603aab8-731c-407a-bb44-625c36ace43e,en,12.06.2026,,,,,
Academy Ruins,2XM,Double Masters,309,normal,rare,1,51980,a95b7645-154f-4904-bf71-db7eb24d4df2,en,12.06.2026,,,,,
Abstergo Entertainment,ACR,Assassin's Creed,79,normal,rare,1,95357,4d197866-7633-493c-80dd-ec3a09165934,en,12.06.2026,,,,,
Simulacrum Synthesizer,BIG,The Big Score,6,normal,mythic,1,93797,aaa05ad1-5cda-4edd-b6bf-562ae3e5011a,en,12.06.2026,,,,,
Teferi's Protection,2X2,Double Masters 2022,32,normal,rare,1,70197,483fa1cb-1e35-44f2-a143-98c0f107f5ca,en,12.06.2026,,,,,
Silver Raven,AFR,Adventures in the Forgotten Realms,74,normal,common,1,60362,a671ec19-32f4-4fde-8ee0-1224471e79db,en,12.06.2026,,,,,
Alhammarret's Archive,C21,Commander 2021,233,normal,mythic,1,58786,4f4187f1-05bd-4db6-a2e7-d677eff588ee,en,12.06.2026,,,,,
Resurrection Orb,40K,"Warhammer 40,000 Commander",165,normal,rare,1,72317,2d6209c8-9fa1-4f0a-ab65-ac2fedfcd09b,en,12.06.2026,,,,,
Moonsilver Spear,AFC,Forgotten Realms Commander,212,normal,rare,1,60816,a4ace878-6d15-4276-9bfb-2f23667c6d7e,en,12.06.2026,,,,,
Aetherflux Reservoir,KLD,Kaladesh,192,normal,rare,1,7451,96b6b2e1-c3e6-464c-8a13-b15deb34e862,en,12.06.2026,,,,,
Banner of Kinship,FDN,Foundations,127,normal,rare,1,100914,a14c16c0-4053-46b0-8fa6-be8b4a7a1c8a,en,12.06.2026,,,,,
Worldwalker Helm,BIG,The Big Score,7,normal,mythic,1,93819,b74ad496-05bc-4c5a-9027-b14df9c387ab,en,12.06.2026,,,,,
Machinist's Arsenal,FIN,Final Fantasy,23,normal,rare,1,106381,ff976428-2145-4630-aab1-08870b90b2f0,en,12.06.2026,,,,,
"Avacyn, Angel of Hope",CMM,Commander Masters,14,normal,mythic,1,84209,317f1133-7cf8-4b7a-919e-88c45f8c2c3a,en,12.06.2026,,,,,
Excalibur II,FIN,Final Fantasy,257,normal,rare,1,106655,d42e5fed-67ac-46d7-a5d4-78f661f3e8b4,en,12.06.2026,,,,,
Illustrious Wanderglyph,LCC,The Lost Caverns of Ixalan Commander,9,normal,rare,1,88383,30e02cc7-8ea9-468b-ba61-a1e00fefea22,en,12.06.2026,,,,,
Archway of Innovation,MH3,Modern Horizons 3,214,normal,rare,1,94490,6a90f9e6-9251-4203-9599-cc4032a5e6e1,en,12.06.2026,,,,,
Mithril Coat,LTR,The Lord of the Rings: Tales of Middle-earth,245,normal,rare,1,82856,0fd1fc09-a09d-45e6-8a07-3a8a83b4e6ec,en,12.06.2026,,,,,
Birthing Boughs,MH1,Modern Horizons,221,normal,uncommon,1,44713,1345ee24-ffa3-44d1-a983-f25f54cda3f3,en,12.06.2026,,,,,
Chivalric Alliance,MOC,March of the Machine Commander,11,normal,rare,1,81475,f96d4b03-e3b0-4b24-869d-4270b813b518,en,12.06.2026,,,,,
Galadriel's Dismissal,LTC,Tales of Middle-earth Commander,500,normal,rare,1,86415,2d1c66a7-a39e-4869-80c7-1cec89777e0d,en,12.06.2026,,,,,
Thousand Moons Smithy // Barracks of the Thousand,LCI,The Lost Caverns of Ixalan,39,normal,rare,1,88469,4a6bec46-1acd-4726-b8d9-3045ac6a2ea2,en,12.06.2026,,,,,
Oaken Siren,LCI,The Lost Caverns of Ixalan,66,normal,common,1,88938,d7731ef5-da74-4436-8ee7-01c065cbefae,en,12.06.2026,,,,,
Ethersworn Sphinx,MH2,Modern Horizons 2,195,normal,uncommon,1,59483,315ae21a-4d95-488e-812b-0d018219af6c,en,12.06.2026,,,,,
Gold-Forged Thopteryx,MAT,March of the Machine: The Aftermath,31,normal,uncommon,1,82544,6917d51b-eb61-4e7e-8336-8b4adf8d1e39,en,12.06.2026,,,,,
Nettlecyst,MKC,Murders at Karlov Manor Commander,233,normal,rare,1,90256,0a7cb0f8-2946-4b00-a192-0b31c8e1ec5c,en,12.06.2026,,,,,
"Eiganjo, Seat of the Empire",NEO,Kamigawa: Neon Dynasty,268,normal,rare,1,66798,c375a022-5b57-496d-a802-e4ea8376e9e4,en,12.06.2026,,,,,
Tablet of the Guilds,RTR,Return to Ravnica,235,normal,uncommon,1,17187,6b006384-6fb6-4129-b1d2-7674d1141f8f,en,12.06.2026,,,,,
Windbrisk Heights,TDC,Tarkir: Dragonstorm Commander,411,normal,rare,1,105009,df441bae-3b9c-46a9-8287-870c00d58a64,en,12.06.2026,,,,,
Research Thief,NEC,Neon Dynasty Commander,16,normal,rare,1,66955,d0ef159d-657a-4566-b9e0-f545df230025,en,12.06.2026,,,,,
Mirror Entity,OTC,Outlaws of Thunder Junction Commander,83,normal,rare,1,93932,f2a3107d-bb96-45c6-97ac-b6c6b84cbad4,en,12.06.2026,,,,,
White Lotus Tile,TLA,Avatar: The Last Airbender,262,normal,mythic,1,109392,1d70f9ec-fdc1-4219-b89b-c030d712c1fc,en,12.06.2026,,,,,
Angelic Sell-Sword,OTC,Outlaws of Thunder Junction Commander,10,normal,rare,1,93699,7581a319-8d15-4b67-a3d5-b90f1e99079b,en,12.06.2026,,,,,
The Arkenstone // Seek the Heart,HOB,The Hobbit,170,normal,mythic,1,112935,a56a88ba-fcfa-4b56-bdae-a080b297b871,en,12.06.2026,,,,,
Hidden Hideout,TMC,Teenage Mutant Ninja Turtles Eternal,43,normal,rare,1,111393,f356522c-018d-43c7-988a-9ef9829ae75c,en,12.06.2026,,,,,
Staff of Compleation,TDC,Tarkir: Dragonstorm Commander,326,normal,mythic,1,104442,0c475639-1368-4e29-adeb-8973e343bca5,en,12.06.2026,,,,,
Balefire Liege,2X2,Double Masters 2022,180,normal,rare,1,70174,3ed13445-c9a0-4f17-aa69-af353679e6a7,en,12.06.2026,,,,,
Rhox Faithmender,TDC,Tarkir: Dragonstorm Commander,128,normal,rare,1,104944,c79a8938-aae6-42ff-888c-2783e11a8d4f,en,12.06.2026,,,,,
"Mangara, the Diplomat",TDC,Tarkir: Dragonstorm Commander,124,normal,rare,1,104594,452b735c-791f-4843-9390-8803154cde62,en,12.06.2026,,,,,
Exemplar of Light,FDN,Foundations,11,normal,rare,1,100832,920c8fc5-fdd2-446a-a676-5c363f96928f,en,12.06.2026,,,,,
Soul's Attendant,ROE,Rise of the Eldrazi,44,normal,common,1,21923,3223c0ac-cc22-4886-8919-11273b477cc7,en,12.06.2026,,,,,
War Room,MKC,Murders at Karlov Manor Commander,310,normal,rare,1,90479,a824d5c0-cdd3-42e2-ac04-b8cada566163,en,12.06.2026,,,,,
"Irma, Part-Time Mutant",TMC,Teenage Mutant Ninja Turtles Eternal,12,normal,rare,1,111354,c3128529-4ccd-4809-8388-03f7faa0eabe,en,12.06.2026,,,,,
Guide of Souls,MH3,Modern Horizons 3,29,normal,rare,1,94504,76c3cad2-1e25-4abe-878d-9194de6fcc27,en,12.06.2026,,,,,
Generous Gift,MSC,Marvel Super Heroes Commander,133,normal,uncommon,1,114335,c3f9b454-97e9-4c77-b37a-e974221ae385,en,12.06.2026,,,,,
Heliod's Intervention,OTC,Outlaws of Thunder Junction Commander,81,normal,rare,1,93751,9519bb3a-bed3-48e8-93ae-9e9b2e7d646a,en,12.06.2026,,,,,
Ocelot Pride,MH3,Modern Horizons 3,38,normal,mythic,1,94771,89cf6f57-230f-497e-a14e-ad1e8737fd42,en,12.06.2026,,,,,
Slayers' Stronghold,MKC,Murders at Karlov Manor Commander,295,normal,rare,1,90326,3b2c82ea-6793-407c-ac9f-5fc14d4d09ea,en,12.06.2026,,,,,
Whispersilk Cloak,MSC,Marvel Super Heroes Commander,225,normal,uncommon,1,114326,a3f31ac4-09ca-4712-a311-50d28824bfad,en,12.06.2026,,,,,
Wear // Tear,MOC,March of the Machine Commander,343,normal,uncommon,1,82009,e01cc65a-0e38-4f41-b9ed-796ef0355d0b,en,12.06.2026,,,,,
Vandalblast,MSC,Marvel Super Heroes Commander,168,normal,uncommon,1,114240,71067239-d46f-4201-a91c-6aa4c41fa8b1,en,12.06.2026,,,,,
Radiant Fountain,C21,Commander 2021,310,normal,common,1,58812,7ee5e77f-ca43-480d-ac37-48336d3bf044,en,12.06.2026,,,,,
Witch's Clinic,DSC,Duskmourn: House of Horror Commander,325,normal,rare,1,99358,d2422e3e-a923-4516-b87c-cac748354dca,en,12.06.2026,,,,,
"Heliod, Sun-Crowned",CMM,Commander Masters,29,normal,mythic,1,84211,3245ff74-1f9c-4518-a23f-1579f338f232,en,12.06.2026,,,,,
"Shinka, the Bloodsoaked Keep",CHK,Champions of Kamigawa,282,normal,rare,1,28943,d2d5f30e-cc3a-46c1-82a9-2cd73705b2f5,en,12.06.2026,,,,,
Wild-Magic Sorcerer,CLB,Commander Legends: Battle for Baldur's Gate,816,normal,rare,1,69633,b5de7331-d0c6-46a5-b08d-0e032db63223,en,12.06.2026,,,,,
Amonkhet Raceway,DFT,Aetherdrift,248,normal,uncommon,1,103040,4f312807-ea2a-4385-8774-4e23b4a5d4a6,en,12.06.2026,,,,,
"Iroas, God of Victory",C16,Commander 2016,205,normal,mythic,1,7149,b4036bb7-835d-4690-aca1-1ab566776e9a,en,12.06.2026,,,,,
Flawless Maneuver,CMM,Commander Masters,24,normal,rare,1,84728,ab12f69e-1491-47a8-8c46-d85bbf637ff6,en,12.06.2026,,,,,
Serra Avatar,DMR,Dominaria Remastered,26,normal,mythic,1,77903,5041dcfd-c1af-448c-91f7-75fd1d34e93e,en,12.06.2026,,,,,
"Uthros, Titanic Godcore",EOE,Edge of Eternities,260,normal,mythic,1,106952,11da39d6-cfa6-498d-91b1-11454cc7e5a3,en,12.06.2026,,,,,
Restoration Magic,FIN,Final Fantasy,30,normal,uncommon,1,106543,494e68e9-ecba-4482-82bc-207ad59144c1,en,12.06.2026,,,,,
Kappa Cannoneer,EOC,Edge of Eternities Commander,74,normal,rare,1,107303,99cd996f-be74-4dbb-9460-6d650cedfca6,en,12.06.2026,,,,,
"Adagia, Windswept Bastion",EOE,Edge of Eternities,250,normal,mythic,1,107156,c634273a-94b0-4104-9d10-ae522ece1fc7,en,12.06.2026,,,,,
The Destined White Mage,FIC,Final Fantasy Commander,444,normal,rare,1,109164,8b52f14c-e6b9-4ad0-8515-6644b201e2ea,en,12.06.2026,,,,,
Uthros Research Craft,EOC,Edge of Eternities Commander,7,normal,rare,1,107277,6ade097b-349f-4876-bdc8-7bcd051e9952,en,12.06.2026,,,,,
Insight Engine,EOC,Edge of Eternities Commander,6,normal,rare,1,107318,b826de8b-ed21-4e2b-b99a-e860c1cb876b,en,12.06.2026,,,,,
"Haliya, Guided by Light",EOE,Edge of Eternities,19,normal,rare,1,107055,6f7c63ae-5df3-410f-8643-b8c69133ca9d,en,12.06.2026,,,,,
Boros Charm,OTC,Outlaws of Thunder Junction Commander,216,normal,uncommon,1,93480,0f375bb9-1294-4f43-8f0c-504ed6cfb7d0,en,12.06.2026,,,,,
The Gaffer,LTC,Tales of Middle-earth Commander,12,normal,rare,1,83259,863ed552-dc6d-4910-b188-3cefc3ebf0ed,en,12.06.2026,,,,,
Minas Tirith,LTR,The Lord of the Rings: Tales of Middle-earth,256,normal,rare,1,83408,b38b6760-616f-4b11-8ce7-ac1223c7fd53,en,12.06.2026,,,,,
Quintorius Kand,LCI,The Lost Caverns of Ixalan,238,normal,mythic,1,88439,4382fa49-9e34-45b3-8495-4916dcd995ec,en,12.06.2026,,,,,
Resplendent Angel,LCI,The Lost Caverns of Ixalan,32,normal,mythic,1,88516,59adbd35-9959-4a0f-babf-46ea3c15f018,en,12.06.2026,,,,,
"Gwaihir, Greatest of the Eagles",LTC,Tales of Middle-earth Commander,15,normal,rare,1,83339,9c17c3bb-aa20-43b0-8a28-b46a18b060ef,en,12.06.2026,,,,,
Siren Stormtamer,LCC,The Lost Caverns of Ixalan Commander,171,normal,uncommon,1,88243,073c301e-5bb6-49fa-bf61-2f662030540f,en,12.06.2026,,,,,
Angelic Accord,IMA,Iconic Masters,7,normal,uncommon,1,3618,349e8190-15fd-44ed-a821-9a5f3615d2d9,en,12.06.2026,,,,,
Dawn of Hope,GRN,Guilds of Ravnica,8,normal,rare,1,475,cf2a9e82-8670-4b7f-b5f0-8e10f8aeff1c,en,12.06.2026,,,,,
"Qala, Ajani's Pridemate",J25,Foundations Jumpstart,32,normal,uncommon,1,100392,3cf1e9ab-343d-462c-a71e-e12b101aa0b4,en,12.06.2026,,,,,
Auriok Champion,IMA,Iconic Masters,9,normal,rare,1,3616,74b769c1-48a0-448b-98d9-0d86526ef51e,en,12.06.2026,,,,,
Crested Sunmare,HOU,Hour of Devastation,6,normal,mythic,1,4669,732fa4c9-11da-4bdb-96af-aa37c74be25f,en,12.06.2026,,,,,
The Wind Crystal,FIN,Final Fantasy,43,normal,rare,1,106423,19bd0885-baaa-40f2-9c59-b1ea53807540,en,12.06.2026,,,,,
Serra Ascendant,IMA,Iconic Masters,31,normal,rare,1,3594,0a22ee47-fc56-436d-8570-88fbff421027,en,12.06.2026,,,,,
Valkyrie Harbinger,KHM,Kaldheim,374,normal,rare,1,57139,edab83a9-35b5-4312-b8ee-1c042c02aa31,en,12.06.2026,,,,,
Cleric Class,AFR,Adventures in the Forgotten Realms,6,normal,uncommon,1,60228,47ce8b7e-d8e1-489a-a69e-99089eeb8739,en,12.06.2026,,,,,
Kabira Crossroads,C17,Commander 2017,259,normal,common,1,4196,7f6a18b8-d490-490d-83a5-227a416ccf92,en,12.06.2026,,,,,
Archangel of Thune,2XM,Double Masters,5,normal,mythic,1,51824,15c34447-b0f4-4fcc-b557-23c92850b31b,en,12.06.2026,,,,,
Steel Seraph,BRO,The Brothers' War,38,normal,rare,1,75321,1b6ef5f5-4058-4f89-a573-9e2da87a9f2e,en,12.06.2026,,,,,
True Conviction,C14,Commander 2014,93,normal,rare,1,12763,9e5dc58b-f486-4b9f-9138-33efa31a05e4,en,12.06.2026,,,,,
Mines of Moria,LTR,The Lord of the Rings: Tales of Middle-earth,257,normal,rare,1,82847,0be723d6-4ada-4c3f-b87b-8ab83a4bbb8f,en,12.06.2026,,,,,
"Celestine, the Living Saint",40K,"Warhammer 40,000 Commander",10,normal,rare,1,72471,a099cbd2-e92a-433a-bc51-0aa2f8fc6857,en,12.06.2026,,,,,
"Caduceus, Staff of Hermes",ACR,Assassin's Creed,2,normal,rare,1,95324,2b60f18e-4709-4b91-a342-74eb3fca71e1,en,12.06.2026,,,,,
Resurrection Orb,40K,"Warhammer 40,000 Commander",165,normal,rare,2,72317,2d6209c8-9fa1-4f0a-ab65-ac2fedfcd09b,en,12.06.2026,,,,,
Horizon of Progress,M3C,Modern Horizons 3 Commander,130,normal,rare,2,95020,c2ae7cf3-f793-4572-a32c-0d66dba8faf7,en,12.06.2026,,,,,
Esper Sentinel,H2R,Modern Horizons 2 Timeshifts,2,normal,rare,2,94531,8b5a916f-a6f2-4e89-b38f-7e5bc0c2e032,en,12.06.2026,,,,,
Bonders' Enclave,M3C,Modern Horizons 3 Commander,323,normal,rare,2,94920,290a78a2-feb0-4ea7-b681-49a4feb12b3b,en,12.06.2026,,,,,
